algorithm,shape,requested_area,measured_area,area_met,fill_ratio,uniformity_cv,encircled_energy,elapsed_s
backprop,circle,1160,579,False,0.4991379310344828,0.4439493395055793,0.750493166839965,8.85052779992111
backprop,gaussian,392,160,False,0.40816326530612246,0.9911779274381509,0.023225272510650305,1.7226783998776227
backprop,square,256,258,True,1.0078125,0.005829863329887662,0.7198850913339371,1.6828000999521464
gs,circle,1160,1016,True,0.8758620689655172,0.15360124498973618,0.9519977215744253,0.8047166999895126
gs,gaussian,392,351,True,0.8954081632653061,0.21035875992795774,0.4786682844056268,0.7952073998749256
gs,square,256,247,True,0.96484375,0.16866396079156917,0.9508603493456242,0.7753896000795066
spgd-sim,circle,1160,1,False,0.0008620689655172414,34.03819855213467,0.9976579679480033,0.8286021000239998
spgd-sim,gaussian,392,1,False,0.002551020408163265,19.772575127762142,0.9975450430857123,0.8157660998404026
spgd-sim,square,256,1,False,0.00390625,15.968084415730395,0.9975273569533998,0.8132471002172679
