位置序号,36×36行,36×36列,IP组,序号,组,引脚编号,连接器
1,0,0,124,26,一组,1,1-1-1
2,0,1,111,16,一组,2,1-1-3
3,0,2,101,12,一组,3,1-1-5
4,0,3,101,3,一组,4,1-1-7
5,0,4,101,4,一组,5,1-1-9
6,0,5,101,5,一组,6,1-1-11
7,0,6,101,6,一组,7,1-1-13
8,0,7,101,7,一组,8,1-1-15
9,0,8,101,8,一组,9,1-1-17
10,0,9,101,9,一组,10,1-1-19
11,0,10,101,10,一组,11,1-2-1
12,0,11,101,2,一组,12,1-2-3
13,0,12,106,6,一组,13,1-2-5
14,0,13,101,1,一组,14,1-2-7
15,0,14,101,14,一组,15,1-2-9
16,0,15,101,15,一组,16,1-2-11
17,0,16,101,16,一组,17,1-2-13
18,0,17,101,17,一组,18,1-2-15
19,0,18,101,18,一组,19,1-2-17
20,0,19,101,19,一组,20,1-2-19
21,0,20,101,20,一组,21,1-3-1
22,0,21,101,21,一组,22,1-3-3
23,0,22,101,22,一组,23,1-3-5
24,0,23,101,23,一组,24,1-3-7
25,0,24,101,24,一组,25,1-3-9
26,0,25,101,25,一组,26,1-3-11
27,0,26,101,26,一组,27,1-3-13
28,0,27,101,27,一组,28,1-3-15
29,0,28,101,28,一组,29,1-3-17
30,0,29,101,29,一组,30,1-3-19
31,0,30,101,30,一组,31,1-4-1
32,0,31,101,31,一组,32,1-4-3
33,0,32,101,32,一组,33,1-4-5
34,0,33,101,33,一组,34,1-4-7
35,0,34,101,34,一组,35,1-4-9
36,0,35,101,35,一组,36,1-4-11
37,1,0,101,36,一组,37,1-4-13
38,1,1,101,37,一组,38,1-4-15
39,1,2,101,38,一组,39,1-4-17
40,1,3,101,39,一组,40,1-4-19
41,1,4,101,40,一组,41,1-5-1
42,1,5,101,41,一组,42,1-5-3
43,1,6,101,42,一组,43,1-5-5
44,1,7,101,43,一组,44,1-5-7
45,1,8,101,44,一组,45,1-5-9
46,1,9,101,45,一组,46,1-5-11
47,1,10,101,46,一组,47,1-5-13
48,1,11,101,47,一组,48,1-5-15
49,1,12,101,48,一组,49,1-5-17
50,1,13,101,49,一组,50,1-5-19
51,1,14,102,0,一组,56,1-6-1
52,1,15,102,1,一组,57,1-6-3
53,1,16,102,2,一组,58,1-6-5
54,1,17,102,3,一组,59,1-6-7
55,1,18,102,4,一组,60,1-6-9
56,1,19,102,5,一组,61,1-6-11
57,1,20,102,6,一组,62,1-6-13
58,1,21,102,7,一组,63,1-6-15
59,1,22,102,8,一组,64,1-6-17
60,1,23,102,9,一组,65,1-6-19
61,1,24,102,10,一组,66,1-7-1
62,1,25,102,11,一组,67,1-7-3
63,1,26,102,12,一组,68,1-7-5
64,1,27,102,13,一组,69,1-7-7
65,1,28,102,14,一组,70,1-7-9
66,1,29,102,15,一组,71,1-7-11
67,1,30,102,16,一组,72,1-7-13
68,1,31,102,17,一组,73,1-7-15
69,1,32,102,18,一组,74,1-7-17
70,1,33,102,19,一组,75,1-7-19
71,1,34,102,20,一组,76,1-8-1
72,1,35,102,21,一组,77,1-8-3
73,2,0,102,22,一组,78,1-8-5
74,2,1,102,23,一组,79,1-8-7
75,2,2,102,24,一组,80,1-8-9
76,2,3,102,25,一组,81,1-8-11
77,2,4,102,26,一组,82,1-8-13
78,2,5,102,27,一组,83,1-8-15
79,2,6,102,28,一组,84,1-8-17
80,2,7,102,29,一组,85,1-8-19
81,2,8,102,30,一组,86,1-9-1
82,2,9,102,31,一组,87,1-9-3
83,2,10,102,32,一组,88,1-9-5
84,2,11,102,33,一组,89,1-9-7
85,2,12,102,34,一组,90,1-9-9
86,2,13,102,35,一组,91,1-9-11
87,2,14,102,36,一组,92,1-9-13
88,2,15,102,37,一组,93,1-9-15
89,2,16,102,38,一组,94,1-9-17
90,2,17,102,39,一组,95,1-9-19
91,2,18,102,40,一组,96,1-10-1
92,2,19,102,41,一组,97,1-10-3
93,2,20,102,42,一组,98,1-10-5
94,2,21,102,43,一组,99,1-10-7
95,2,22,102,44,一组,100,1-10-9
96,2,23,102,45,一组,101,1-10-11
97,2,24,102,46,一组,102,1-10-13
98,2,25,102,47,一组,103,1-10-15
99,2,26,102,48,一组,104,1-10-17
100,2,27,102,49,一组,105,1-10-19
101,2,28,103,0,一组,111,2-1-1
102,2,29,103,1,一组,112,2-1-3
103,2,30,103,2,一组,113,2-1-5
104,2,31,103,3,一组,114,2-1-7
105,2,32,103,4,一组,115,2-1-9
106,2,33,103,5,一组,116,2-1-11
107,2,34,103,6,一组,117,2-1-13
108,2,35,103,7,一组,118,2-1-15
109,3,0,103,8,一组,119,2-1-17
110,3,1,103,9,一组,120,2-1-19
111,3,2,103,10,一组,121,2-2-1
112,3,3,103,11,一组,122,2-2-3
113,3,4,103,12,一组,123,2-2-5
114,3,5,103,13,一组,124,2-2-7
115,3,6,103,14,一组,125,2-2-9
116,3,7,103,15,一组,126,2-2-11
117,3,8,103,16,一组,127,2-2-13
118,3,9,103,17,一组,128,2-2-15
119,3,10,103,18,一组,129,2-2-17
120,3,11,103,19,一组,130,2-2-19
121,3,12,103,20,一组,131,2-3-1
122,3,13,103,21,一组,132,2-3-3
123,3,14,103,22,一组,133,2-3-5
124,3,15,103,23,一组,134,2-3-7
125,3,16,103,24,一组,135,2-3-9
126,3,17,103,25,一组,136,2-3-11
127,3,18,103,26,一组,137,2-3-13
128,3,19,103,27,一组,138,2-3-15
129,3,20,126,45,一组,139,2-3-17
130,3,21,103,29,一组,140,2-3-19
131,3,22,103,30,一组,141,2-4-1
132,3,23,103,31,一组,142,2-4-3
133,3,24,103,32,一组,143,2-4-5
134,3,25,103,33,一组,144,2-4-7
135,3,26,103,34,一组,145,2-4-9
136,3,27,103,35,一组,146,2-4-11
137,3,28,103,36,一组,147,2-4-13
138,3,29,103,37,一组,148,2-4-15
139,3,30,103,38,一组,149,2-4-17
140,3,31,103,39,一组,150,2-4-19
141,3,32,126,46,一组,166,2-5-1
142,3,33,103,41,一组,167,2-5-3
143,3,34,103,42,一组,168,2-5-5
144,3,35,101,0,一组,169,2-5-7
145,4,0,103,44,一组,170,2-5-9
146,4,1,103,45,一组,171,2-5-11
147,4,2,103,46,一组,172,2-5-13
148,4,3,103,47,一组,173,2-5-15
149,4,4,103,48,一组,174,2-5-17
150,4,5,103,49,一组,175,2-5-19
151,4,6,104,0,一组,176,2-6-1
152,4,7,104,1,一组,177,2-6-3
153,4,8,104,2,一组,178,2-6-5
154,4,9,104,3,一组,179,2-6-7
155,4,10,104,4,一组,180,2-6-9
156,4,11,104,5,一组,181,2-6-11
157,4,12,104,6,一组,182,2-6-13
158,4,13,104,7,一组,183,2-6-15
159,4,14,104,8,一组,184,2-6-17
160,4,15,104,9,一组,185,2-6-19
161,4,16,104,10,一组,186,2-7-1
162,4,17,104,11,一组,187,2-7-3
163,4,18,104,12,一组,188,2-7-5
164,4,19,104,13,一组,189,2-7-7
165,4,20,104,14,一组,190,2-7-9
166,4,21,104,15,一组,191,2-7-11
167,4,22,104,16,一组,192,2-7-13
168,4,23,104,17,一组,193,2-7-15
169,4,24,104,18,一组,194,2-7-17
170,4,25,104,19,一组,195,2-7-19
171,4,26,104,20,一组,196,2-8-1
172,4,27,104,21,一组,197,2-8-3
173,4,28,104,22,一组,198,2-8-5
174,4,29,104,23,一组,199,2-8-7
175,4,30,104,24,一组,200,2-8-9
176,4,31,104,25,一组,201,2-8-11
177,4,32,104,26,一组,202,2-8-13
178,4,33,104,27,一组,203,2-8-15
179,4,34,104,28,一组,204,2-8-17
180,4,35,104,29,一组,205,2-8-19
181,5,0,104,30,一组,222,2-9-1
182,5,1,104,31,一组,223,2-9-3
183,5,2,104,32,一组,224,2-9-5
184,5,3,104,33,一组,225,2-9-7
185,5,4,104,34,一组,226,2-9-9
186,5,5,104,35,一组,227,2-9-11
187,5,6,104,36,一组,228,2-9-13
188,5,7,104,37,一组,229,2-9-15
189,5,8,104,38,一组,230,2-9-17
190,5,9,104,39,一组,231,2-9-19
191,5,10,104,40,一组,232,2-10-1
192,5,11,104,41,一组,233,2-10-3
193,5,12,104,42,一组,234,2-10-5
194,5,13,104,43,一组,235,2-10-7
195,5,14,104,44,一组,236,2-10-9
196,5,15,104,45,一组,237,2-10-11
197,5,16,104,46,一组,238,2-10-13
198,5,17,104,47,一组,239,2-10-15
199,5,18,104,48,一组,240,2-10-17
200,5,19,104,49,一组,241,2-10-19
201,5,20,105,0,一组,242,3-1-1
202,5,21,105,1,一组,243,3-1-3
203,5,22,105,2,一组,244,3-1-5
204,5,23,105,3,一组,245,3-1-7
205,5,24,103,43,一组,246,3-1-9
206,5,25,105,5,一组,247,3-1-11
207,5,26,105,6,一组,248,3-1-13
208,5,27,105,7,一组,249,3-1-15
209,5,28,105,8,一组,250,3-1-17
210,5,29,105,9,一组,251,3-1-19
211,5,30,105,10,一组,252,3-2-1
212,5,31,105,11,一组,253,3-2-3
213,5,32,105,12,一组,254,3-2-5
214,5,33,105,13,一组,255,3-2-7
215,5,34,105,14,一组,256,3-2-9
216,5,35,105,15,一组,257,3-2-11
217,6,0,105,16,一组,258,3-2-13
218,6,1,105,17,一组,259,3-2-15
219,6,2,105,18,一组,260,3-2-17
220,6,3,105,19,一组,261,3-2-19
221,6,4,101,13,一组,277,3-3-1
222,6,5,105,20,一组,278,3-3-3
223,6,6,105,22,一组,279,3-3-5
224,6,7,105,23,一组,280,3-3-7
225,6,8,105,24,一组,281,3-3-9
226,6,9,105,25,一组,282,3-3-11
227,6,10,105,26,一组,283,3-3-13
228,6,11,105,27,一组,284,3-3-15
229,6,12,105,28,一组,285,3-3-17
230,6,13,105,29,一组,286,3-3-19
231,6,14,105,30,一组,287,3-4-1
232,6,15,105,31,一组,288,3-4-3
233,6,16,105,32,一组,289,3-4-5
234,6,17,105,33,一组,290,3-4-7
235,6,18,105,34,一组,291,3-4-9
236,6,19,105,35,一组,292,3-4-11
237,6,20,105,36,一组,293,3-4-13
238,6,21,105,37,一组,294,3-4-15
239,6,22,105,38,一组,295,3-4-17
240,6,23,105,39,一组,296,3-4-19
241,6,24,105,40,一组,297,3-5-1
242,6,25,105,41,一组,298,3-5-3
243,6,26,105,42,一组,299,3-5-5
244,6,27,105,43,一组,300,3-5-7
245,6,28,105,44,一组,301,3-5-9
246,6,29,105,45,一组,302,3-5-11
247,6,30,105,46,一组,303,3-5-13
248,6,31,105,47,一组,304,3-5-15
249,6,32,105,48,一组,305,3-5-17
250,6,33,105,49,一组,306,3-5-19
251,6,34,106,0,一组,307,3-6-1
252,6,35,106,1,一组,308,3-6-3
253,7,0,106,2,一组,309,3-6-5
254,7,1,106,3,一组,310,3-6-7
255,7,2,106,4,一组,311,3-6-9
256,7,3,106,5,一组,312,3-6-11
257,7,4,106,6,一组,313,3-6-13
258,7,5,106,7,一组,314,3-6-15
259,7,6,106,8,一组,315,3-6-17
260,7,7,106,9,一组,316,3-6-19
261,7,8,106,10,二组,1,3-7-1
262,7,9,106,11,二组,2,3-7-3
263,7,10,106,12,二组,3,3-7-5
264,7,11,106,13,二组,4,3-7-7
265,7,12,106,14,二组,5,3-7-9
266,7,13,106,15,二组,6,3-7-11
267,7,14,106,16,二组,7,3-7-13
268,7,15,106,17,二组,8,3-7-15
269,7,16,106,18,二组,9,3-7-17
270,7,17,106,19,二组,10,3-7-19
271,7,18,106,20,二组,11,3-8-1
272,7,19,106,21,二组,12,3-8-3
273,7,20,106,22,二组,13,3-8-5
274,7,21,106,23,二组,14,3-8-7
275,7,22,106,24,二组,15,3-8-9
276,7,23,106,25,二组,16,3-8-11
277,7,24,106,26,二组,17,3-8-13
278,7,25,106,27,二组,18,3-8-15
279,7,26,106,28,二组,19,3-8-17
280,7,27,106,29,二组,20,3-8-19
281,7,28,106,30,二组,21,3-9-1
282,7,29,106,31,二组,22,3-9-3
283,7,30,106,32,二组,23,3-9-5
284,7,31,106,33,二组,24,3-9-7
285,7,32,106,34,二组,25,3-9-9
286,7,33,106,35,二组,26,3-9-11
287,7,34,106,36,二组,27,3-9-13
288,7,35,106,37,二组,28,3-9-15
289,8,0,106,38,二组,29,3-9-17
290,8,1,106,39,二组,30,3-9-19
291,8,2,106,40,二组,31,3-10-1
292,8,3,106,41,二组,32,3-10-3
293,8,4,106,42,二组,33,3-10-5
294,8,5,106,43,二组,34,3-10-7
295,8,6,106,44,二组,35,3-10-9
296,8,7,106,45,二组,36,3-10-11
297,8,8,106,46,二组,37,3-10-13
298,8,9,106,47,二组,38,3-10-15
299,8,10,106,48,二组,39,3-10-17
300,8,11,106,49,二组,40,3-10-19
301,8,12,107,0,二组,41,4-1-1
302,8,13,107,1,二组,42,4-1-3
303,8,14,107,2,二组,43,4-1-5
304,8,15,107,3,二组,44,4-1-7
305,8,16,107,4,二组,45,4-1-9
306,8,17,107,5,二组,46,4-1-11
307,8,18,107,6,二组,47,4-1-13
308,8,19,107,7,二组,48,4-1-15
309,8,20,107,8,二组,49,4-1-17
310,8,21,107,9,二组,50,4-1-19
311,8,22,107,10,二组,56,4-2-1
312,8,23,107,11,二组,57,4-2-3
313,8,24,107,12,二组,58,4-2-5
314,8,25,107,13,二组,59,4-2-7
315,8,26,107,14,二组,60,4-2-9
316,8,27,107,15,二组,61,4-2-11
317,8,28,107,16,二组,62,4-2-13
318,8,29,107,17,二组,63,4-2-15
319,8,30,107,18,二组,64,4-2-17
320,8,31,107,19,二组,65,4-2-19
321,8,32,107,20,二组,66,4-3-1
322,8,33,107,21,二组,67,4-3-3
323,8,34,107,22,二组,68,4-3-5
324,8,35,107,23,二组,69,4-3-7
325,9,0,107,24,二组,70,4-3-9
326,9,1,107,25,二组,71,4-3-11
327,9,2,107,26,二组,72,4-3-13
328,9,3,107,27,二组,73,4-3-15
329,9,4,107,28,二组,74,4-3-17
330,9,5,107,29,二组,75,4-3-19
331,9,6,107,30,二组,76,4-4-1
332,9,7,107,31,二组,77,4-4-3
333,9,8,107,32,二组,78,4-4-5
334,9,9,107,33,二组,79,4-4-7
335,9,10,107,34,二组,80,4-4-9
336,9,11,107,35,二组,81,4-4-11
337,9,12,107,36,二组,82,4-4-13
338,9,13,107,37,二组,83,4-4-15
339,9,14,107,38,二组,84,4-4-17
340,9,15,107,39,二组,85,4-4-19
341,9,16,107,40,二组,86,4-5-1
342,9,17,107,41,二组,87,4-5-3
343,9,18,107,42,二组,88,4-5-5
344,9,19,107,43,二组,89,4-5-7
345,9,20,107,44,二组,90,4-5-9
346,9,21,107,45,二组,91,4-5-11
347,9,22,107,46,二组,92,4-5-13
348,9,23,107,47,二组,93,4-5-15
349,9,24,107,48,二组,94,4-5-17
350,9,25,107,49,二组,95,4-5-19
351,9,26,108,0,二组,96,4-6-1
352,9,27,108,1,二组,97,4-6-3
353,9,28,108,2,二组,98,4-6-5
354,9,29,108,3,二组,99,4-6-7
355,9,30,108,4,二组,100,4-6-9
356,9,31,108,5,二组,101,4-6-11
357,9,32,108,6,二组,102,4-6-13
358,9,33,108,7,二组,103,4-6-15
359,9,34,108,8,二组,104,4-6-17
360,9,35,108,9,二组,105,4-6-19
361,10,0,108,10,二组,111,4-7-1
362,10,1,108,11,二组,112,4-7-3
363,10,2,108,12,二组,113,4-7-5
364,10,3,108,13,二组,114,4-7-7
365,10,4,108,14,二组,115,4-7-9
366,10,5,108,15,二组,116,4-7-11
367,10,6,108,16,二组,117,4-7-13
368,10,7,108,17,二组,118,4-7-15
369,10,8,108,18,二组,119,4-7-17
370,10,9,108,19,二组,120,4-7-19
371,10,10,108,20,二组,121,4-8-1
372,10,11,108,21,二组,122,4-8-3
373,10,12,108,22,二组,123,4-8-5
374,10,13,108,23,二组,124,4-8-7
375,10,14,108,24,二组,125,4-8-9
376,10,15,108,25,二组,126,4-8-11
377,10,16,108,26,二组,127,4-8-13
378,10,17,108,27,二组,128,4-8-15
379,10,18,108,28,二组,129,4-8-17
380,10,19,108,29,二组,130,4-8-19
381,10,20,108,30,二组,131,4-9-1
382,10,21,108,31,二组,132,4-9-3
383,10,22,108,32,二组,133,4-9-5
384,10,23,108,33,二组,134,4-9-7
385,10,24,108,34,二组,135,4-9-9
386,10,25,108,35,二组,136,4-9-11
387,10,26,108,36,二组,137,4-9-13
388,10,27,108,37,二组,138,4-9-15
389,10,28,108,38,二组,139,4-9-17
390,10,29,108,39,二组,140,4-9-19
391,10,30,108,40,二组,141,4-10-1
392,10,31,108,41,二组,142,4-10-3
393,10,32,108,42,二组,143,4-10-5
394,10,33,108,43,二组,144,4-10-7
395,10,34,108,44,二组,145,4-10-9
396,10,35,108,45,二组,146,4-10-11
397,11,0,108,46,二组,147,4-10-13
398,11,1,108,47,二组,148,4-10-15
399,11,2,108,48,二组,149,4-10-17
400,11,3,108,49,二组,150,4-10-19
401,11,4,103,40,二组,166,5-1-1
402,11,5,109,1,二组,167,5-1-3
403,11,6,109,2,二组,168,5-1-5
404,11,7,109,3,二组,169,5-1-7
405,11,8,109,4,二组,170,5-1-9
406,11,9,109,5,二组,171,5-1-11
407,11,10,109,6,二组,172,5-1-13
408,11,11,109,7,二组,173,5-1-15
409,11,12,109,8,二组,174,5-1-17
410,11,13,109,9,二组,175,5-1-19
411,11,14,109,10,二组,176,5-2-1
412,11,15,109,11,二组,177,5-2-3
413,11,16,109,12,二组,178,5-2-5
414,11,17,109,13,二组,179,5-2-7
415,11,18,109,14,二组,180,5-2-9
416,11,19,109,15,二组,181,5-2-11
417,11,20,109,16,二组,182,5-2-13
418,11,21,109,17,二组,183,5-2-15
419,11,22,109,18,二组,184,5-2-17
420,11,23,109,19,二组,185,5-2-19
421,11,24,109,20,二组,186,5-3-1
422,11,25,109,21,二组,187,5-3-3
423,11,26,109,22,二组,188,5-3-5
424,11,27,109,23,二组,189,5-3-7
425,11,28,109,24,二组,190,5-3-9
426,11,29,109,25,二组,191,5-3-11
427,11,30,109,26,二组,192,5-3-13
428,11,31,109,27,二组,193,5-3-15
429,11,32,109,28,二组,194,5-3-17
430,11,33,109,29,二组,195,5-3-19
431,11,34,109,30,二组,196,5-4-1
432,11,35,109,31,二组,197,5-4-3
433,12,0,109,32,二组,198,5-4-5
434,12,1,109,33,二组,199,5-4-7
435,12,2,109,34,二组,200,5-4-9
436,12,3,109,35,二组,201,5-4-11
437,12,4,109,36,二组,202,5-4-13
438,12,5,109,37,二组,203,5-4-15
439,12,6,109,38,二组,204,5-4-17
440,12,7,109,39,二组,205,5-4-19
441,12,8,109,40,二组,222,5-5-1
442,12,9,109,41,二组,223,5-5-3
443,12,10,109,42,二组,224,5-5-5
444,12,11,109,43,二组,225,5-5-7
445,12,12,109,44,二组,226,5-5-9
446,12,13,109,45,二组,227,5-5-11
447,12,14,109,46,二组,228,5-5-13
448,12,15,109,47,二组,229,5-5-15
449,12,16,109,48,二组,230,5-5-17
450,12,17,109,49,二组,231,5-5-19
451,12,18,110,0,二组,232,5-6-1
452,12,19,110,1,二组,233,5-6-3
453,12,20,110,2,二组,234,5-6-5
454,12,21,110,3,二组,235,5-6-7
455,12,22,110,4,二组,236,5-6-9
456,12,23,110,5,二组,237,5-6-11
457,12,24,110,6,二组,238,5-6-13
458,12,25,110,7,二组,239,5-6-15
459,12,26,110,8,二组,240,5-6-17
460,12,27,110,9,二组,241,5-6-19
461,12,28,110,10,二组,242,5-7-1
462,12,29,110,11,二组,243,5-7-3
463,12,30,110,12,二组,244,5-7-5
464,12,31,110,13,二组,245,5-7-7
465,12,32,110,14,二组,246,5-7-9
466,12,33,110,15,二组,247,5-7-11
467,12,34,110,16,二组,248,5-7-13
468,12,35,110,17,二组,249,5-7-15
469,13,0,110,18,二组,250,5-7-17
470,13,1,110,19,二组,251,5-7-19
471,13,2,110,20,二组,252,5-8-1
472,13,3,110,21,二组,253,5-8-3
473,13,4,110,22,二组,254,5-8-5
474,13,5,110,23,二组,255,5-8-7
475,13,6,110,24,二组,256,5-8-9
476,13,7,110,25,二组,257,5-8-11
477,13,8,110,26,二组,258,5-8-13
478,13,9,110,27,二组,259,5-8-15
479,13,10,110,28,二组,260,5-8-17
480,13,11,110,29,二组,261,5-8-19
481,13,12,110,30,二组,277,5-9-1
482,13,13,110,31,二组,278,5-9-3
483,13,14,110,32,二组,279,5-9-5
484,13,15,110,33,二组,280,5-9-7
485,13,16,110,34,二组,281,5-9-9
486,13,17,110,35,二组,282,5-9-11
487,13,18,110,36,二组,283,5-9-13
488,13,19,110,37,二组,284,5-9-15
489,13,20,110,38,二组,285,5-9-17
490,13,21,110,39,二组,286,5-9-19
491,13,22,110,40,二组,287,5-10-1
492,13,23,110,41,二组,288,5-10-3
493,13,24,110,42,二组,289,5-10-5
494,13,25,110,43,二组,290,5-10-7
495,13,26,110,44,二组,291,5-10-9
496,13,27,110,45,二组,292,5-10-11
497,13,28,110,46,二组,293,5-10-13
498,13,29,110,47,二组,294,5-10-15
499,13,30,110,48,二组,295,5-10-17
500,13,31,110,49,二组,296,5-10-19
501,13,32,101,11,二组,297,6-1-1
502,13,33,111,1,二组,298,6-1-3
503,13,34,111,2,二组,299,6-1-5
504,13,35,111,4,二组,300,6-1-7
505,14,0,111,3,二组,301,6-1-9
506,14,1,111,5,二组,302,6-1-11
507,14,2,111,6,二组,303,6-1-13
508,14,3,111,7,二组,304,6-1-15
509,14,4,111,8,二组,305,6-1-17
510,14,5,111,9,二组,306,6-1-19
511,14,6,111,10,二组,307,6-2-1
512,14,7,111,11,二组,308,6-2-3
513,14,8,111,12,二组,309,6-2-5
514,14,9,111,13,二组,310,6-2-7
515,14,10,111,14,二组,311,6-2-9
516,14,11,111,15,二组,312,6-2-11
517,14,12,106,6,二组,313,6-2-13
518,14,13,111,17,二组,314,6-2-15
519,14,14,111,18,二组,315,6-2-17
520,14,15,111,19,二组,316,6-2-19
521,14,16,111,20,三组,1,6-3-1
522,14,17,111,21,三组,2,6-3-3
523,14,18,111,22,三组,3,6-3-5
524,14,19,111,23,三组,4,6-3-7
525,14,20,111,24,三组,5,6-3-9
526,14,21,111,25,三组,6,6-3-11
527,14,22,111,26,三组,7,6-3-13
528,14,23,111,27,三组,8,6-3-15
529,14,24,111,28,三组,9,6-3-17
530,14,25,111,29,三组,10,6-3-19
531,14,26,111,30,三组,11,6-4-1
532,14,27,111,31,三组,12,6-4-3
533,14,28,111,32,三组,13,6-4-5
534,14,29,111,33,三组,14,6-4-7
535,14,30,111,34,三组,15,6-4-9
536,14,31,111,35,三组,16,6-4-11
537,14,32,111,36,三组,17,6-4-13
538,14,33,111,37,三组,18,6-4-15
539,14,34,111,38,三组,19,6-4-17
540,14,35,111,39,三组,20,6-4-19
541,15,0,111,40,三组,21,6-5-1
542,15,1,111,41,三组,22,6-5-3
543,15,2,111,42,三组,23,6-5-5
544,15,3,111,43,三组,24,6-5-7
545,15,4,111,44,三组,25,6-5-9
546,15,5,111,45,三组,26,6-5-11
547,15,6,111,46,三组,27,6-5-13
548,15,7,111,47,三组,28,6-5-15
549,15,8,111,48,三组,29,6-5-17
550,15,9,111,49,三组,30,6-5-19
551,15,10,112,0,三组,31,6-6-1
552,15,11,112,1,三组,32,6-6-3
553,15,12,112,2,三组,33,6-6-5
554,15,13,112,3,三组,34,6-6-7
555,15,14,112,4,三组,35,6-6-9
556,15,15,112,5,三组,36,6-6-11
557,15,16,112,6,三组,37,6-6-13
558,15,17,112,7,三组,38,6-6-15
559,15,18,112,8,三组,39,6-6-17
560,15,19,112,9,三组,40,6-6-19
561,15,20,112,10,三组,41,6-7-1
562,15,21,112,11,三组,42,6-7-3
563,15,22,112,12,三组,43,6-7-5
564,15,23,112,13,三组,44,6-7-7
565,15,24,112,14,三组,45,6-7-9
566,15,25,112,15,三组,46,6-7-11
567,15,26,112,16,三组,47,6-7-13
568,15,27,112,17,三组,48,6-7-15
569,15,28,116,26,三组,49,6-7-17
570,15,29,112,19,三组,50,6-7-19
571,15,30,112,20,三组,56,6-8-1
572,15,31,112,21,三组,57,6-8-3
573,15,32,112,22,三组,58,6-8-5
574,15,33,112,23,三组,59,6-8-7
575,15,34,112,24,三组,60,6-8-9
576,15,35,112,25,三组,61,6-8-11
577,16,0,112,26,三组,62,6-8-13
578,16,1,112,27,三组,63,6-8-15
579,16,2,112,28,三组,64,6-8-17
580,16,3,112,29,三组,65,6-8-19
581,16,4,112,30,三组,66,6-9-1
582,16,5,112,31,三组,67,6-9-3
583,16,6,112,32,三组,68,6-9-5
584,16,7,112,33,三组,69,6-9-7
585,16,8,112,34,三组,70,6-9-9
586,16,9,112,35,三组,71,6-9-11
587,16,10,112,36,三组,72,6-9-13
588,16,11,112,37,三组,73,6-9-15
589,16,12,112,38,三组,74,6-9-17
590,16,13,112,39,三组,75,6-9-19
591,16,14,112,40,三组,76,6-10-1
592,16,15,112,41,三组,77,6-10-3
593,16,16,112,44,三组,78,6-10-5
594,16,17,112,43,三组,79,6-10-7
595,16,18,112,42,三组,80,6-10-9
596,16,19,112,45,三组,81,6-10-11
597,16,20,112,46,三组,82,6-10-13
598,16,21,112,47,三组,83,6-10-15
599,16,22,112,48,三组,84,6-10-17
600,16,23,112,49,三组,85,6-10-19
601,16,24,113,0,三组,86,7-1-1
602,16,25,113,1,三组,87,7-1-3
603,16,26,113,2,三组,88,7-1-5
604,16,27,113,3,三组,89,7-1-7
605,16,28,113,4,三组,90,7-1-9
606,16,29,113,5,三组,91,7-1-11
607,16,30,113,6,三组,92,7-1-13
608,16,31,113,7,三组,93,7-1-15
609,16,32,113,8,三组,94,7-1-17
610,16,33,113,9,三组,95,7-1-19
611,16,34,113,10,三组,96,7-2-1
612,16,35,113,11,三组,97,7-2-3
613,17,0,113,12,三组,98,7-2-5
614,17,1,113,13,三组,99,7-2-7
615,17,2,113,14,三组,100,7-2-9
616,17,3,113,15,三组,101,7-2-11
617,17,4,113,16,三组,102,7-2-13
618,17,5,113,17,三组,103,7-2-15
619,17,6,113,18,三组,104,7-2-17
620,17,7,113,19,三组,105,7-2-19
621,17,8,113,20,三组,111,7-3-1
622,17,9,113,21,三组,112,7-3-3
623,17,10,113,22,三组,113,7-3-5
624,17,11,113,23,三组,114,7-3-7
625,17,12,113,24,三组,115,7-3-9
626,17,13,113,25,三组,116,7-3-11
627,17,14,113,26,三组,117,7-3-13
628,17,15,113,27,三组,118,7-3-15
629,17,16,113,28,三组,119,7-3-17
630,17,17,113,29,三组,120,7-3-19
631,17,18,113,30,三组,121,7-4-1
632,17,19,113,31,三组,122,7-4-3
633,17,20,113,32,三组,123,7-4-5
634,17,21,113,33,三组,124,7-4-7
635,17,22,113,34,三组,125,7-4-9
636,17,23,113,35,三组,126,7-4-11
637,17,24,113,36,三组,127,7-4-13
638,17,25,113,37,三组,128,7-4-15
639,17,26,113,38,三组,129,7-4-17
640,17,27,113,39,三组,130,7-4-19
641,17,28,113,40,三组,131,7-5-1
642,17,29,113,41,三组,132,7-5-3
643,17,30,113,42,三组,133,7-5-5
644,17,31,113,43,三组,134,7-5-7
645,17,32,113,44,三组,135,7-5-9
646,17,33,113,45,三组,136,7-5-11
647,17,34,113,46,三组,137,7-5-13
648,17,35,113,47,三组,138,7-5-15
649,18,0,113,48,三组,139,7-5-17
650,18,1,113,49,三组,140,7-5-19
651,18,2,114,0,三组,141,7-6-1
652,18,3,114,1,三组,142,7-6-3
653,18,4,114,2,三组,143,7-6-5
654,18,5,114,3,三组,144,7-6-7
655,18,6,114,4,三组,145,7-6-9
656,18,7,114,5,三组,146,7-6-11
657,18,8,114,6,三组,147,7-6-13
658,18,9,114,7,三组,148,7-6-15
659,18,10,114,8,三组,149,7-6-17
660,18,11,114,9,三组,150,7-6-19
661,18,12,114,10,三组,166,7-7-1
662,18,13,114,11,三组,167,7-7-3
663,18,14,114,12,三组,168,7-7-5
664,18,15,114,13,三组,169,7-7-7
665,18,16,114,14,三组,170,7-7-9
666,18,17,114,15,三组,171,7-7-11
667,18,18,114,16,三组,172,7-7-13
668,18,19,114,17,三组,173,7-7-15
669,18,20,114,18,三组,174,7-7-17
670,18,21,114,19,三组,175,7-7-19
671,18,22,114,20,三组,176,7-8-1
672,18,23,114,21,三组,177,7-8-3
673,18,24,114,22,三组,178,7-8-5
674,18,25,114,23,三组,179,7-8-7
675,18,26,114,24,三组,180,7-8-9
676,18,27,114,25,三组,181,7-8-11
677,18,28,114,26,三组,182,7-8-13
678,18,29,114,27,三组,183,7-8-15
679,18,30,114,28,三组,184,7-8-17
680,18,31,114,29,三组,185,7-8-19
681,18,32,114,30,三组,186,7-9-1
682,18,33,114,31,三组,187,7-9-3
683,18,34,114,32,三组,188,7-9-5
684,18,35,114,33,三组,189,7-9-7
685,19,0,114,34,三组,190,7-9-9
686,19,1,114,35,三组,191,7-9-11
687,19,2,114,36,三组,192,7-9-13
688,19,3,114,37,三组,193,7-9-15
689,19,4,114,38,三组,194,7-9-17
690,19,5,114,39,三组,195,7-9-19
691,19,6,114,40,三组,196,7-10-1
692,19,7,114,41,三组,197,7-10-3
693,19,8,114,42,三组,198,7-10-5
694,19,9,114,43,三组,199,7-10-7
695,19,10,114,44,三组,200,7-10-9
696,19,11,114,45,三组,201,7-10-11
697,19,12,114,46,三组,202,7-10-13
698,19,13,114,47,三组,203,7-10-15
699,19,14,114,48,三组,204,7-10-17
700,19,15,114,49,三组,205,7-10-19
701,19,16,115,0,三组,222,8-1-1
702,19,17,115,1,三组,223,8-1-3
703,19,18,115,2,三组,224,8-1-5
704,19,19,115,3,三组,225,8-1-7
705,19,20,115,4,三组,226,8-1-9
706,19,21,115,5,三组,227,8-1-11
707,19,22,115,6,三组,228,8-1-13
708,19,23,115,7,三组,229,8-1-15
709,19,24,115,8,三组,230,8-1-17
710,19,25,115,9,三组,231,8-1-19
711,19,26,115,10,三组,232,8-2-1
712,19,27,115,11,三组,233,8-2-3
713,19,28,115,12,三组,234,8-2-5
714,19,29,115,13,三组,235,8-2-7
715,19,30,115,14,三组,236,8-2-9
716,19,31,115,15,三组,237,8-2-11
717,19,32,115,16,三组,238,8-2-13
718,19,33,115,17,三组,239,8-2-15
719,19,34,115,18,三组,240,8-2-17
720,19,35,115,19,三组,241,8-2-19
721,20,0,115,20,三组,242,8-3-1
722,20,1,115,21,三组,243,8-3-3
723,20,2,115,22,三组,244,8-3-5
724,20,3,115,23,三组,245,8-3-7
725,20,4,115,24,三组,246,8-3-9
726,20,5,115,25,三组,247,8-3-11
727,20,6,115,26,三组,248,8-3-13
728,20,7,115,27,三组,249,8-3-15
729,20,8,115,28,三组,250,8-3-17
730,20,9,115,29,三组,251,8-3-19
731,20,10,115,30,三组,252,8-4-1
732,20,11,115,31,三组,253,8-4-3
733,20,12,115,32,三组,254,8-4-5
734,20,13,115,33,三组,255,8-4-7
735,20,14,115,34,三组,256,8-4-9
736,20,15,115,35,三组,257,8-4-11
737,20,16,115,36,三组,258,8-4-13
738,20,17,115,37,三组,259,8-4-15
739,20,18,115,38,三组,260,8-4-17
740,20,19,115,39,三组,261,8-4-19
741,20,20,115,40,三组,277,8-5-1
742,20,21,115,41,三组,278,8-5-3
743,20,22,115,42,三组,279,8-5-5
744,20,23,115,43,三组,280,8-5-7
745,20,24,115,44,三组,281,8-5-9
746,20,25,115,45,三组,282,8-5-11
747,20,26,115,46,三组,283,8-5-13
748,20,27,115,47,三组,284,8-5-15
749,20,28,115,48,三组,285,8-5-17
750,20,29,115,49,三组,286,8-5-19
751,20,30,116,0,三组,287,8-6-1
752,20,31,116,1,三组,288,8-6-3
753,20,32,116,2,三组,289,8-6-5
754,20,33,116,3,三组,290,8-6-7
755,20,34,116,4,三组,291,8-6-9
756,20,35,116,5,三组,292,8-6-11
757,21,0,116,6,三组,293,8-6-13
758,21,1,116,7,三组,294,8-6-15
759,21,2,116,8,三组,295,8-6-17
760,21,3,116,9,三组,296,8-6-19
761,21,4,116,10,三组,297,8-7-1
762,21,5,116,11,三组,298,8-7-3
763,21,6,116,12,三组,299,8-7-5
764,21,7,116,13,三组,300,8-7-7
765,21,8,116,14,三组,301,8-7-9
766,21,9,116,15,三组,302,8-7-11
767,21,10,116,16,三组,303,8-7-13
768,21,11,116,17,三组,304,8-7-15
769,21,12,116,18,三组,305,8-7-17
770,21,13,116,19,三组,306,8-7-19
771,21,14,116,20,三组,307,8-8-1
772,21,15,116,21,三组,308,8-8-3
773,21,16,116,22,三组,309,8-8-5
774,21,17,116,23,三组,310,8-8-7
775,21,18,116,24,三组,311,8-8-9
776,21,19,116,25,三组,312,8-8-11
777,21,20,116,26,三组,313,8-8-13
778,21,21,116,27,三组,314,8-8-15
779,21,22,116,28,三组,315,8-8-17
780,21,23,116,29,三组,316,8-8-19
781,21,24,116,30,四组,1,8-9-1
782,21,25,116,31,四组,2,8-9-3
783,21,26,116,32,四组,3,8-9-5
784,21,27,116,33,四组,4,8-9-7
785,21,28,116,34,四组,5,8-9-9
786,21,29,116,35,四组,6,8-9-11
787,21,30,116,36,四组,7,8-9-13
788,21,31,116,37,四组,8,8-9-15
789,21,32,116,38,四组,9,8-9-17
790,21,33,116,39,四组,10,8-9-19
791,21,34,116,40,四组,11,8-10-1
792,21,35,116,41,四组,12,8-10-3
793,22,0,116,42,四组,13,8-10-5
794,22,1,116,43,四组,14,8-10-7
795,22,2,116,44,四组,15,8-10-9
796,22,3,116,45,四组,16,8-10-11
797,22,4,116,46,四组,17,8-10-13
798,22,5,116,47,四组,18,8-10-15
799,22,6,116,48,四组,19,8-10-17
800,22,7,116,49,四组,20,8-10-19
801,22,8,117,0,四组,21,9-1-1
802,22,9,117,1,四组,22,9-1-3
803,22,10,117,2,四组,23,9-1-5
804,22,11,117,3,四组,24,9-1-7
805,22,12,117,4,四组,25,9-1-9
806,22,13,117,5,四组,26,9-1-11
807,22,14,117,6,四组,27,9-1-13
808,22,15,117,7,四组,28,9-1-15
809,22,16,117,8,四组,29,9-1-17
810,22,17,117,9,四组,30,9-1-19
811,22,18,117,10,四组,31,9-2-1
812,22,19,117,11,四组,32,9-2-3
813,22,20,117,12,四组,33,9-2-5
814,22,21,117,13,四组,34,9-2-7
815,22,22,117,14,四组,35,9-2-9
816,22,23,117,15,四组,36,9-2-11
817,22,24,117,16,四组,37,9-2-13
818,22,25,117,17,四组,38,9-2-15
819,22,26,117,18,四组,39,9-2-17
820,22,27,117,19,四组,40,9-2-19
821,22,28,117,20,四组,41,9-3-1
822,22,29,117,21,四组,42,9-3-3
823,22,30,117,22,四组,43,9-3-5
824,22,31,117,23,四组,44,9-3-7
825,22,32,117,24,四组,45,9-3-9
826,22,33,117,25,四组,46,9-3-11
827,22,34,117,26,四组,47,9-3-13
828,22,35,117,27,四组,48,9-3-15
829,23,0,117,28,四组,49,9-3-17
830,23,1,117,29,四组,50,9-3-19
831,23,2,117,30,四组,56,9-4-1
832,23,3,117,31,四组,57,9-4-3
833,23,4,117,32,四组,58,9-4-5
834,23,5,117,33,四组,59,9-4-7
835,23,6,117,34,四组,60,9-4-9
836,23,7,117,35,四组,61,9-4-11
837,23,8,117,36,四组,62,9-4-13
838,23,9,117,37,四组,63,9-4-15
839,23,10,117,38,四组,64,9-4-17
840,23,11,117,39,四组,65,9-4-19
841,23,12,117,40,四组,66,9-5-1
842,23,13,117,41,四组,67,9-5-3
843,23,14,117,42,四组,68,9-5-5
844,23,15,117,43,四组,69,9-5-7
845,23,16,117,44,四组,70,9-5-9
846,23,17,117,45,四组,71,9-5-11
847,23,18,117,46,四组,72,9-5-13
848,23,19,117,47,四组,73,9-5-15
849,23,20,117,48,四组,74,9-5-17
850,23,21,117,49,四组,75,9-5-19
851,23,22,118,0,四组,76,9-6-1
852,23,23,118,1,四组,77,9-6-3
853,23,24,118,2,四组,78,9-6-5
854,23,25,118,3,四组,79,9-6-7
855,23,26,118,4,四组,80,9-6-9
856,23,27,118,5,四组,81,9-6-11
857,23,28,118,6,四组,82,9-6-13
858,23,29,118,7,四组,83,9-6-15
859,23,30,118,8,四组,84,9-6-17
860,23,31,118,9,四组,85,9-6-19
861,23,32,118,10,四组,86,9-7-1
862,23,33,118,11,四组,87,9-7-3
863,23,34,118,12,四组,88,9-7-5
864,23,35,118,13,四组,89,9-7-7
865,24,0,118,14,四组,90,9-7-9
866,24,1,118,15,四组,91,9-7-11
867,24,2,118,16,四组,92,9-7-13
868,24,3,118,17,四组,93,9-7-15
869,24,4,118,18,四组,94,9-7-17
870,24,5,118,19,四组,95,9-7-19
871,24,6,118,20,四组,96,9-8-1
872,24,7,118,21,四组,97,9-8-3
873,24,8,118,22,四组,98,9-8-5
874,24,9,118,23,四组,99,9-8-7
875,24,10,118,24,四组,100,9-8-9
876,24,11,118,25,四组,101,9-8-11
877,24,12,118,26,四组,102,9-8-13
878,24,13,118,27,四组,103,9-8-15
879,24,14,118,28,四组,104,9-8-17
880,24,15,118,29,四组,105,9-8-19
881,24,16,118,30,四组,111,9-9-1
882,24,17,118,31,四组,112,9-9-3
883,24,18,118,32,四组,113,9-9-5
884,24,19,118,33,四组,114,9-9-7
885,24,20,118,34,四组,115,9-9-9
886,24,21,118,35,四组,116,9-9-11
887,24,22,118,36,四组,117,9-9-13
888,24,23,118,37,四组,118,9-9-15
889,24,24,118,38,四组,119,9-9-17
890,24,25,118,39,四组,120,9-9-19
891,24,26,118,40,四组,121,9-10-1
892,24,27,118,41,四组,122,9-10-3
893,24,28,118,42,四组,123,9-10-5
894,24,29,118,43,四组,124,9-10-7
895,24,30,118,44,四组,125,9-10-9
896,24,31,118,45,四组,126,9-10-11
897,24,32,118,46,四组,127,9-10-13
898,24,33,118,47,四组,128,9-10-15
899,24,34,118,48,四组,129,9-10-17
900,24,35,118,49,四组,130,9-10-19
901,25,0,119,0,四组,131,10-1-1
902,25,1,119,1,四组,132,10-1-3
903,25,2,119,2,四组,133,10-1-5
904,25,3,119,3,四组,134,10-1-7
905,25,4,119,4,四组,135,10-1-9
906,25,5,119,5,四组,136,10-1-11
907,25,6,119,6,四组,137,10-1-13
908,25,7,119,7,四组,138,10-1-15
909,25,8,119,8,四组,139,10-1-17
910,25,9,119,9,四组,140,10-1-19
911,25,10,119,10,四组,141,10-2-1
912,25,11,119,11,四组,142,10-2-3
913,25,12,119,12,四组,143,10-2-5
914,25,13,119,13,四组,144,10-2-7
915,25,14,119,14,四组,145,10-2-9
916,25,15,119,15,四组,146,10-2-11
917,25,16,119,16,四组,147,10-2-13
918,25,17,119,17,四组,148,10-2-15
919,25,18,119,18,四组,149,10-2-17
920,25,19,119,19,四组,150,10-2-19
921,25,20,119,20,四组,166,10-3-1
922,25,21,119,21,四组,167,10-3-3
923,25,22,119,22,四组,168,10-3-5
924,25,23,119,23,四组,169,10-3-7
925,25,24,119,24,四组,170,10-3-9
926,25,25,119,25,四组,171,10-3-11
927,25,26,119,26,四组,172,10-3-13
928,25,27,119,27,四组,173,10-3-15
929,25,28,119,28,四组,174,10-3-17
930,25,29,119,29,四组,175,10-3-19
931,25,30,119,30,四组,176,10-4-1
932,25,31,119,31,四组,177,10-4-3
933,25,32,119,32,四组,178,10-4-5
934,25,33,119,33,四组,179,10-4-7
935,25,34,119,34,四组,180,10-4-9
936,25,35,119,35,四组,181,10-4-11
937,26,0,119,36,四组,182,10-4-13
938,26,1,119,37,四组,183,10-4-15
939,26,2,119,38,四组,184,10-4-17
940,26,3,119,39,四组,185,10-4-19
941,26,4,119,40,四组,186,10-5-1
942,26,5,119,41,四组,187,10-5-3
943,26,6,119,42,四组,188,10-5-5
944,26,7,119,43,四组,189,10-5-7
945,26,8,119,44,四组,190,10-5-9
946,26,9,119,45,四组,191,10-5-11
947,26,10,119,46,四组,192,10-5-13
948,26,11,119,47,四组,193,10-5-15
949,26,12,119,48,四组,194,10-5-17
950,26,13,119,49,四组,195,10-5-19
951,26,14,120,0,四组,196,10-6-1
952,26,15,120,1,四组,197,10-6-3
953,26,16,120,2,四组,198,10-6-5
954,26,17,120,3,四组,199,10-6-7
955,26,18,120,4,四组,200,10-6-9
956,26,19,120,5,四组,201,10-6-11
957,26,20,120,6,四组,202,10-6-13
958,26,21,120,7,四组,203,10-6-15
959,26,22,120,8,四组,204,10-6-17
960,26,23,120,9,四组,205,10-6-19
961,26,24,120,10,四组,222,10-7-1
962,26,25,120,11,四组,223,10-7-3
963,26,26,124,27,四组,224,10-7-5
964,26,27,120,13,四组,225,10-7-7
965,26,28,120,14,四组,226,10-7-9
966,26,29,120,15,四组,227,10-7-11
967,26,30,120,16,四组,228,10-7-13
968,26,31,120,17,四组,229,10-7-15
969,26,32,120,18,四组,230,10-7-17
970,26,33,120,19,四组,231,10-7-19
971,26,34,120,20,四组,232,10-8-1
972,26,35,120,21,四组,233,10-8-3
973,27,0,120,22,四组,234,10-8-5
974,27,1,120,23,四组,235,10-8-7
975,27,2,120,24,四组,236,10-8-9
976,27,3,120,25,四组,237,10-8-11
977,27,4,120,26,四组,238,10-8-13
978,27,5,120,27,四组,239,10-8-15
979,27,6,120,28,四组,240,10-8-17
980,27,7,120,29,四组,241,10-8-19
981,27,8,120,30,四组,242,10-9-1
982,27,9,120,31,四组,243,10-9-3
983,27,10,120,32,四组,244,10-9-5
984,27,11,120,33,四组,245,10-9-7
985,27,12,120,34,四组,246,10-9-9
986,27,13,120,35,四组,247,10-9-11
987,27,14,120,36,四组,248,10-9-13
988,27,15,120,37,四组,249,10-9-15
989,27,16,120,38,四组,250,10-9-17
990,27,17,120,39,四组,251,10-9-19
991,27,18,120,40,四组,252,10-10-1
992,27,19,120,41,四组,253,10-10-3
993,27,20,120,42,四组,254,10-10-5
994,27,21,120,43,四组,255,10-10-7
995,27,22,120,44,四组,256,10-10-9
996,27,23,120,45,四组,257,10-10-11
997,27,24,120,46,四组,258,10-10-13
998,27,25,120,47,四组,259,10-10-15
999,27,26,120,48,四组,260,10-10-17
1000,27,27,120,49,四组,261,10-10-19
1001,27,28,121,0,四组,277,11-1-1
1002,27,29,121,1,四组,278,11-1-3
1003,27,30,121,2,四组,279,11-1-5
1004,27,31,121,3,四组,280,11-1-7
1005,27,32,121,4,四组,281,11-1-9
1006,27,33,121,5,四组,282,11-1-11
1007,27,34,121,6,四组,283,11-1-13
1008,27,35,121,7,四组,284,11-1-15
1009,28,0,121,8,四组,285,11-1-17
1010,28,1,121,9,四组,286,11-1-19
1011,28,2,121,10,四组,287,11-2-1
1012,28,3,121,11,四组,288,11-2-3
1013,28,4,121,12,四组,289,11-2-5
1014,28,5,121,13,四组,290,11-2-7
1015,28,6,121,14,四组,291,11-2-9
1016,28,7,121,15,四组,292,11-2-11
1017,28,8,121,16,四组,293,11-2-13
1018,28,9,121,17,四组,294,11-2-15
1019,28,10,121,18,四组,295,11-2-17
1020,28,11,121,19,四组,296,11-2-19
1021,28,12,121,20,四组,297,11-3-1
1022,28,13,121,21,四组,298,11-3-3
1023,28,14,121,22,四组,299,11-3-5
1024,28,15,121,23,四组,300,11-3-7
1025,28,16,121,24,四组,301,11-3-9
1026,28,17,121,25,四组,302,11-3-11
1027,28,18,121,26,四组,303,11-3-13
1028,28,19,121,27,四组,304,11-3-15
1029,28,20,121,28,四组,305,11-3-17
1030,28,21,121,29,四组,306,11-3-19
1031,28,22,121,30,四组,307,11-4-1
1032,28,23,121,31,四组,308,11-4-3
1033,28,24,121,32,四组,309,11-4-5
1034,28,25,121,33,四组,310,11-4-7
1035,28,26,121,34,四组,311,11-4-9
1036,28,27,121,35,四组,312,11-4-11
1037,28,28,121,36,四组,313,11-4-13
1038,28,29,121,37,四组,314,11-4-15
1039,28,30,121,38,四组,315,11-4-17
1040,28,31,121,39,四组,316,11-4-19
1041,28,32,121,40,五组,1,11-5-1
1042,28,33,121,41,五组,2,11-5-3
1043,28,34,121,42,五组,3,11-5-5
1044,28,35,121,43,五组,4,11-5-7
1045,29,0,121,44,五组,5,11-5-9
1046,29,1,121,45,五组,6,11-5-11
1047,29,2,121,46,五组,7,11-5-13
1048,29,3,121,47,五组,8,11-5-15
1049,29,4,121,48,五组,9,11-5-17
1050,29,5,121,49,五组,10,11-5-19
1051,29,6,122,0,五组,11,11-6-1
1052,29,7,122,1,五组,12,11-6-3
1053,29,8,122,2,五组,13,11-6-5
1054,29,9,122,3,五组,14,11-6-7
1055,29,10,122,4,五组,15,11-6-9
1056,29,11,122,5,五组,16,11-6-11
1057,29,12,122,6,五组,17,11-6-13
1058,29,13,122,7,五组,18,11-6-15
1059,29,14,122,8,五组,19,11-6-17
1060,29,15,122,9,五组,20,11-6-19
1061,29,16,122,10,五组,21,11-7-1
1062,29,17,122,11,五组,22,11-7-3
1063,29,18,122,12,五组,23,11-7-5
1064,29,19,122,13,五组,24,11-7-7
1065,29,20,122,14,五组,25,11-7-9
1066,29,21,122,15,五组,26,11-7-11
1067,29,22,122,16,五组,27,11-7-13
1068,29,23,122,17,五组,28,11-7-15
1069,29,24,122,18,五组,29,11-7-17
1070,29,25,122,19,五组,30,11-7-19
1071,29,26,122,20,五组,31,11-8-1
1072,29,27,122,21,五组,32,11-8-3
1073,29,28,122,22,五组,33,11-8-5
1074,29,29,122,23,五组,34,11-8-7
1075,29,30,122,24,五组,35,11-8-9
1076,29,31,122,25,五组,36,11-8-11
1077,29,32,122,26,五组,37,11-8-13
1078,29,33,122,27,五组,38,11-8-15
1079,29,34,122,28,五组,39,11-8-17
1080,29,35,122,29,五组,40,11-8-19
1081,30,0,122,30,五组,41,11-9-1
1082,30,1,122,31,五组,42,11-9-3
1083,30,2,122,32,五组,43,11-9-5
1084,30,3,122,33,五组,44,11-9-7
1085,30,4,122,34,五组,45,11-9-9
1086,30,5,122,35,五组,46,11-9-11
1087,30,6,122,36,五组,47,11-9-13
1088,30,7,122,37,五组,48,11-9-15
1089,30,8,122,38,五组,49,11-9-17
1090,30,9,122,39,五组,50,11-9-19
1091,30,10,122,40,五组,56,11-10-1
1092,30,11,122,41,五组,57,11-10-3
1093,30,12,122,42,五组,58,11-10-5
1094,30,13,122,43,五组,59,11-10-7
1095,30,14,122,44,五组,60,11-10-9
1096,30,15,122,45,五组,61,11-10-11
1097,30,16,122,46,五组,62,11-10-13
1098,30,17,122,47,五组,63,11-10-15
1099,30,18,122,48,五组,64,11-10-17
1100,30,19,122,49,五组,65,11-10-19
1101,30,20,123,0,五组,66,12-1-1
1102,30,21,123,1,五组,67,12-1-3
1103,30,22,123,2,五组,68,12-1-5
1104,30,23,123,3,五组,69,12-1-7
1105,30,24,123,4,五组,70,12-1-9
1106,30,25,123,5,五组,71,12-1-11
1107,30,26,123,6,五组,72,12-1-13
1108,30,27,123,7,五组,73,12-1-15
1109,30,28,123,8,五组,74,12-1-17
1110,30,29,123,9,五组,75,12-1-19
1111,30,30,123,10,五组,76,12-2-1
1112,30,31,123,11,五组,77,12-2-3
1113,30,32,123,12,五组,78,12-2-5
1114,30,33,123,13,五组,79,12-2-7
1115,30,34,123,14,五组,80,12-2-9
1116,30,35,123,15,五组,81,12-2-11
1117,31,0,123,16,五组,82,12-2-13
1118,31,1,123,17,五组,83,12-2-15
1119,31,2,123,18,五组,84,12-2-17
1120,31,3,123,19,五组,85,12-2-19
1121,31,4,123,20,五组,86,12-3-1
1122,31,5,123,21,五组,87,12-3-3
1123,31,6,123,22,五组,88,12-3-5
1124,31,7,123,23,五组,89,12-3-7
1125,31,8,123,24,五组,90,12-3-9
1126,31,9,123,25,五组,91,12-3-11
1127,31,10,123,26,五组,92,12-3-13
1128,31,11,123,27,五组,93,12-3-15
1129,31,12,123,28,五组,94,12-3-17
1130,31,13,123,29,五组,95,12-3-19
1131,31,14,123,30,五组,96,12-4-1
1132,31,15,123,31,五组,97,12-4-3
1133,31,16,123,32,五组,98,12-4-5
1134,31,17,123,33,五组,99,12-4-7
1135,31,18,123,34,五组,100,12-4-9
1136,31,19,123,35,五组,101,12-4-11
1137,31,20,123,36,五组,102,12-4-13
1138,31,21,123,37,五组,103,12-4-15
1139,31,22,123,38,五组,104,12-4-17
1140,31,23,123,39,五组,105,12-4-19
1141,31,24,123,40,五组,111,12-5-1
1142,31,25,123,41,五组,112,12-5-3
1143,31,26,123,42,五组,113,12-5-5
1144,31,27,123,43,五组,114,12-5-7
1145,31,28,123,44,五组,115,12-5-9
1146,31,29,123,45,五组,116,12-5-11
1147,31,30,123,46,五组,117,12-5-13
1148,31,31,123,47,五组,118,12-5-15
1149,31,32,123,48,五组,119,12-5-17
1150,31,33,123,49,五组,120,12-5-19
1151,31,34,124,0,五组,121,12-6-1
1152,31,35,124,1,五组,122,12-6-3
1153,32,0,124,2,五组,123,12-6-5
1154,32,1,124,3,五组,124,12-6-7
1155,32,2,124,4,五组,125,12-6-9
1156,32,3,124,5,五组,126,12-6-11
1157,32,4,124,6,五组,127,12-6-13
1158,32,5,124,7,五组,128,12-6-15
1159,32,6,124,8,五组,129,12-6-17
1160,32,7,124,9,五组,130,12-6-19
1161,32,8,124,10,五组,131,12-7-1
1162,32,9,124,11,五组,132,12-7-3
1163,32,10,124,12,五组,133,12-7-5
1164,32,11,124,13,五组,134,12-7-7
1165,32,12,124,14,五组,135,12-7-9
1166,32,13,124,15,五组,136,12-7-11
1167,32,14,124,16,五组,137,12-7-13
1168,32,15,124,17,五组,138,12-7-15
1169,32,16,124,18,五组,139,12-7-17
1170,32,17,124,19,五组,140,12-7-19
1171,32,18,124,20,五组,141,12-8-1
1172,32,19,124,21,五组,142,12-8-3
1173,32,20,124,22,五组,143,12-8-5
1174,32,21,124,23,五组,144,12-8-7
1175,32,22,124,24,五组,145,12-8-9
1176,32,23,124,25,五组,146,12-8-11
1177,32,24,105,4,五组,147,12-8-13
1178,32,25,120,12,五组,148,12-8-15
1179,32,26,124,28,五组,149,12-8-17
1180,32,27,124,29,五组,150,12-8-19
1181,32,28,124,30,五组,166,12-9-1
1182,32,29,124,31,五组,167,12-9-3
1183,32,30,124,32,五组,168,12-9-5
1184,32,31,124,33,五组,169,12-9-7
1185,32,32,124,34,五组,170,12-9-9
1186,32,33,124,35,五组,171,12-9-11
1187,32,34,124,36,五组,172,12-9-13
1188,32,35,124,37,五组,173,12-9-15
1189,33,0,124,38,五组,174,12-9-17
1190,33,1,124,39,五组,175,12-9-19
1191,33,2,124,40,五组,176,12-10-1
1192,33,3,124,41,五组,177,12-10-3
1193,33,4,124,42,五组,178,12-10-5
1194,33,5,124,43,五组,179,12-10-7
1195,33,6,124,44,五组,180,12-10-9
1196,33,7,124,45,五组,181,12-10-11
1197,33,8,124,46,五组,182,12-10-13
1198,33,9,124,47,五组,183,12-10-15
1199,33,10,124,48,五组,184,12-10-17
1200,33,11,124,49,五组,185,12-10-19
1201,33,12,125,0,五组,186,13-1-1
1202,33,13,125,1,五组,187,13-1-3
1203,33,14,125,2,五组,188,13-1-5
1204,33,15,125,3,五组,189,13-1-7
1205,33,16,125,4,五组,190,13-1-9
1206,33,17,125,5,五组,191,13-1-11
1207,33,18,125,6,五组,192,13-1-13
1208,33,19,125,7,五组,193,13-1-15
1209,33,20,125,8,五组,194,13-1-17
1210,33,21,125,9,五组,195,13-1-19
1211,33,22,125,10,五组,196,13-2-1
1212,33,23,125,11,五组,197,13-2-3
1213,33,24,125,12,五组,198,13-2-5
1214,33,25,125,13,五组,199,13-2-7
1215,33,26,125,14,五组,200,13-2-9
1216,33,27,125,15,五组,201,13-2-11
1217,33,28,125,16,五组,202,13-2-13
1218,33,29,125,17,五组,203,13-2-15
1219,33,30,125,18,五组,204,13-2-17
1220,33,31,125,19,五组,205,13-2-19
1221,33,32,125,20,五组,222,13-3-1
1222,33,33,125,21,五组,223,13-3-3
1223,33,34,125,22,五组,224,13-3-5
1224,33,35,125,23,五组,225,13-3-7
1225,34,0,125,24,五组,226,13-3-9
1226,34,1,125,25,五组,227,13-3-11
1227,34,2,125,26,五组,228,13-3-13
1228,34,3,125,27,五组,229,13-3-15
1229,34,4,125,28,五组,230,13-3-17
1230,34,5,125,29,五组,231,13-3-19
1231,34,6,125,30,五组,232,13-4-1
1232,34,7,125,31,五组,233,13-4-3
1233,34,8,125,32,五组,234,13-4-5
1234,34,9,125,33,五组,235,13-4-7
1235,34,10,125,34,五组,236,13-4-9
1236,34,11,125,35,五组,237,13-4-11
1237,34,12,125,36,五组,238,13-4-13
1238,34,13,125,37,五组,239,13-4-15
1239,34,14,125,38,五组,240,13-4-17
1240,34,15,125,39,五组,241,13-4-19
1241,34,16,125,40,五组,242,13-5-1
1242,34,17,125,41,五组,243,13-5-3
1243,34,18,125,42,五组,244,13-5-5
1244,34,19,125,43,五组,245,13-5-7
1245,34,20,125,44,五组,246,13-5-9
1246,34,21,125,45,五组,247,13-5-11
1247,34,22,125,46,五组,248,13-5-13
1248,34,23,125,47,五组,249,13-5-15
1249,34,24,125,48,五组,250,13-5-17
1250,34,25,125,49,五组,251,13-5-19
1251,34,26,126,0,五组,252,13-6-1
1252,34,27,126,1,五组,253,13-6-3
1253,34,28,126,2,五组,254,13-6-5
1254,34,29,126,3,五组,255,13-6-7
1255,34,30,126,4,五组,256,13-6-9
1256,34,31,126,5,五组,257,13-6-11
1257,34,32,126,6,五组,258,13-6-13
1258,34,33,126,7,五组,259,13-6-15
1259,34,34,126,8,五组,260,13-6-17
1260,34,35,126,9,五组,261,13-6-19
1261,35,0,126,10,五组,277,13-7-1
1262,35,1,126,11,五组,278,13-7-3
1263,35,2,126,12,五组,279,13-7-5
1264,35,3,126,13,五组,280,13-7-7
1265,35,4,126,14,五组,281,13-7-9
1266,35,5,126,15,五组,282,13-7-11
1267,35,6,126,16,五组,283,13-7-13
1268,35,7,126,17,五组,284,13-7-15
1269,35,8,126,18,五组,285,13-7-17
1270,35,9,126,19,五组,286,13-7-19
1271,35,10,126,20,五组,287,13-8-1
1272,35,11,126,21,五组,288,13-8-3
1273,35,12,126,22,五组,289,13-8-5
1274,35,13,126,23,五组,290,13-8-7
1275,35,14,126,24,五组,291,13-8-9
1276,35,15,126,25,五组,292,13-8-11
1277,35,16,126,26,五组,293,13-8-13
1278,35,17,126,27,五组,294,13-8-15
1279,35,18,126,28,五组,295,13-8-17
1280,35,19,126,29,五组,296,13-8-19
1281,35,20,126,30,五组,297,13-9-1
1282,35,21,126,31,五组,298,13-9-3
1283,35,22,126,32,五组,299,13-9-5
1284,35,23,126,33,五组,300,13-9-7
1285,35,24,126,34,五组,301,13-9-9
1286,35,25,126,35,五组,302,13-9-11
1287,35,26,126,36,五组,303,13-9-13
1288,35,27,126,37,五组,304,13-9-15
1289,35,28,126,38,五组,305,13-9-17
1290,35,29,126,39,五组,306,13-9-19
1291,35,30,126,40,五组,307,13-10-1
1292,35,31,126,41,五组,308,13-10-3
1293,35,32,126,42,五组,309,13-10-5
1294,35,33,126,43,五组,310,13-10-7
1295,35,34,126,44,五组,311,13-10-9
1296,35,35,103,28,五组,312,13-10-11
